"Fecha","Último","Apertura","Máximo","Mínimo","Vol.","% var."
"29.05.2026","971,00","957,00","981,00","940,51","60,50M","5,14%"
"28.05.2026","923,52","929,83","949,49","904,78","49,69M","-0,53%"
"27.05.2026","928,41","955,66","956,16","888,15","72,30M","3,63%"
"26.05.2026","895,88","820,50","916,80","820,29","76,56M","19,29%"
"22.05.2026","751,00","756,82","780,20","747,20","36,00M","-1,46%"
"21.05.2026","762,10","736,36","764,90","732,20","42,46M","4,11%"
"20.05.2026","731,99","734,96","735,68","700,66","48,83M","4,76%"
"19.05.2026","698,74","665,58","725,95","652,21","61,79M","2,52%"
"18.05.2026","681,54","750,46","757,00","663,25","60,04M","-5,95%"
"15.05.2026","724,66","732,57","749,59","719,00","48,52M","-6,62%"
"14.05.2026","776,01","787,62","812,00","775,63","42,14M","-3,44%"
"13.05.2026","803,63","813,16","814,95","779,47","54,88M","4,83%"
"12.05.2026","766,58","774,70","782,76","706,60","73,74M","-3,61%"
"11.05.2026","795,33","792,98","818,67","768,00","70,97M","6,50%"
"08.05.2026","746,81","676,45","747,21","676,21","65,13M","15,49%"
"07.05.2026","646,63","649,83","683,09","635,42","47,53M","-2,99%"
"06.05.2026","666,59","660,37","667,67","627,58","55,73M","4,12%"
"05.05.2026","640,20","609,78","651,74","605,47","64,27M","11,06%"
"04.05.2026","576,45","560,60","592,80","557,76","46,04M","6,31%"
"01.05.2026","542,21","511,78","545,91","510,21","40,22M","4,84%"
"30.04.2026","517,16","529,74","535,50","502,58","36,55M","-0,25%"
"29.04.2026","518,46","526,00","531,02","508,80","36,25M","2,81%"
"28.04.2026","504,29","503,54","518,83","488,23","44,82M","-3,86%"
"27.04.2026","524,56","510,56","531,36","510,02","41,30M","5,60%"
"24.04.2026","496,72","495,92","506,99","489,36","35,38M","3,11%"
"23.04.2026","481,72","482,28","493,62","471,80","38,18M","-1,18%"
"22.04.2026","487,48","462,93","491,98","458,56","46,00M","8,48%"
"21.04.2026","449,38","451,32","457,82","441,30","27,73M","0,21%"
"20.04.2026","448,42","458,25","464,56","435,90","32,01M","-1,46%"
"17.04.2026","455,07","466,85","470,97","452,20","33,41M","-0,47%"
"16.04.2026","457,23","452,96","462,34","444,38","33,63M","0,22%"
"15.04.2026","456,23","457,63","463,95","439,32","40,37M","-2,03%"
"14.04.2026","465,66","434,35","465,78","424,86","52,53M","9,17%"
"13.04.2026","426,56","416,47","426,88","408,50","37,02M","1,42%"
"10.04.2026","420,59","420,29","423,86","410,05","36,38M","-0,22%"
"09.04.2026","421,51","407,61","423,94","398,44","43,10M","3,63%"
"08.04.2026","406,73","415,13","416,00","398,88","49,22M","7,72%"
"07.04.2026","377,58","374,13","379,25","364,10","40,22M","-0,05%"
"06.04.2026","377,76","373,80","385,08","370,61","41,41M","3,15%"
"02.04.2026","366,24","341,34","366,94","340,20","51,50M","-0,44%"
"01.04.2026","367,85","348,90","377,89","343,00","74,43M","8,88%"
"31.03.2026","337,84","321,67","337,84","311,49","73,55M","4,98%"
"30.03.2026","321,80","362,66","362,81","318,40","73,83M","-9,92%"
"27.03.2026","357,22","359,86","368,70","354,06","45,81M","0,50%"
"26.03.2026","355,46","370,02","374,25","350,00","54,52M","-6,97%"
"25.03.2026","382,09","383,00","388,92","371,38","55,33M","-3,40%"
"24.03.2026","395,53","401,28","404,98","388,91","44,98M","-2,18%"
"23.03.2026","404,35","426,14","444,27","401,52","54,81M","-4,39%"
"20.03.2026","422,90","443,92","449,10","415,36","64,22M","-4,81%"
"19.03.2026","444,27","424,97","457,22","421,11","74,59M","-3,78%"
"18.03.2026","461,73","464,76","471,34","458,30","58,97M","0,01%"
"17.03.2026","461,69","452,54","462,73","445,14","43,02M","4,50%"
"16.03.2026","441,80","446,16","454,86","437,74","43,07M","3,68%"
"13.03.2026","426,13","413,75","429,35","413,00","39,26M","5,13%"
"12.03.2026","405,35","409,99","413,73","396,67","31,72M","-3,19%"
"11.03.2026","418,69","410,77","422,75","405,79","30,19M","3,86%"
"10.03.2026","403,11","394,01","415,31","393,64","33,75M","3,54%"
"09.03.2026","389,32","363,96","390,00","357,67","35,55M","5,14%"
"06.03.2026","370,30","380,14","391,18","367,45","34,46M","-6,74%"
"05.03.2026","397,05","398,60","404,53","380,30","29,96M","-0,93%"
"04.03.2026","400,77","393,64","407,88","387,61","32,64M","5,55%"
"03.03.2026","379,68","386,55","390,09","374,55","39,01M","-7,99%"
"02.03.2026","412,67","401,47","417,61","397,00","30,05M","0,07%"
"27.02.2026","412,37","401,81","417,96","401,18","28,65M","-0,77%"
"26.02.2026","415,56","424,84","434,00","401,96","35,43M","-3,13%"
"25.02.2026","429,00","426,50","436,89","423,00","27,30M","2,63%"
"24.02.2026","418,01","429,22","436,27","411,28","33,39M","-0,70%"
"23.02.2026","420,97","422,31","431,70","415,30","25,43M","-1,68%"
"20.02.2026","428,17","415,18","430,57","415,15","29,89M","2,59%"
"19.02.2026","417,35","415,81","420,32","407,74","21,65M","-0,86%"
"18.02.2026","420,95","399,50","427,85","394,60","32,31M","5,30%"
"17.02.2026","399,78","400,95","413,66","395,30","28,55M","-2,89%"
"13.02.2026","411,66","405,19","420,88","392,71","33,81M","-0,56%"
"12.02.2026","413,97","422,25","438,77","411,16","45,64M","0,88%"
"11.02.2026","410,34","395,39","414,16","386,57","48,47M","9,94%"
"10.02.2026","373,25","375,99","382,79","366,06","35,43M","-2,67%"
"09.02.2026","383,50","380,69","391,81","370,68","31,01M","-2,84%"
"06.02.2026","394,69","377,96","396,65","372,87","37,20M","3,08%"
"05.02.2026","382,89","369,62","390,93","366,00","38,90M","0,92%"
"04.02.2026","379,40","410,59","413,00","363,90","58,07M","-9,55%"
"03.02.2026","419,44","442,16","442,30","407,53","42,76M","-4,19%"
"02.02.2026","437,80","412,18","442,43","410,00","37,77M","5,52%"
"30.01.2026","414,88","446,46","455,50","407,13","51,02M","-4,80%"
"29.01.2026","435,79","439,37","444,71","417,70","42,68M","0,12%"
"28.01.2026","435,28","422,43","438,94","417,00","42,73M","6,10%"
"27.01.2026","410,24","404,61","416,45","399,60","36,21M","5,44%"
"26.01.2026","389,09","395,50","398,00","384,30","29,19M","-2,64%"
"23.01.2026","399,65","397,16","412,43","390,74","35,40M","0,52%"
"22.01.2026","397,58","396,64","397,78","376,92","39,61M","2,18%"
"21.01.2026","389,11","372,85","394,20","366,73","56,71M","6,61%"
"20.01.2026","365,00","364,68","381,56","361,35","49,74M","0,62%"
"16.01.2026","362,75","353,10","365,81","352,04","47,90M","7,76%"
"15.01.2026","336,63","345,33","347,77","336,27","25,37M","0,98%"
"14.01.2026","333,35","334,84","339,10","328,20","20,28M","-1,41%"
"13.01.2026","338,13","346,27","351,23","335,22","23,88M","-2,24%"
"12.01.2026","345,87","340,55","348,47","339,32","23,15M","0,23%"
"09.01.2026","345,09","332,74","345,80","326,19","33,39M","5,53%"
"08.01.2026","327,02","342,90","343,66","321,36","33,90M","-3,69%"
"07.01.2026","339,55","340,71","346,30","337,18","32,78M","-1,13%"
"06.01.2026","343,43","318,28","344,55","318,06","48,73M","10,02%"
"05.01.2026","312,15","325,13","325,53","309,55","34,61M","-1,04%"
"02.01.2026","315,42","295,13","315,60","294,86","42,60M","10,51%"
"31.12.2025","285,41","293,17","293,17","284,18","17,57M","-2,47%"
"30.12.2025","292,63","294,70","298,83","292,01","23,06M","-0,59%"
"29.12.2025","294,37","280,33","294,50","278,50","26,64M","3,36%"
"26.12.2025","284,79","290,83","290,87","283,42","17,88M","-0,66%"
"24.12.2025","286,68","278,00","289,30","277,25","18,59M","3,77%"
"23.12.2025","276,27","275,92","281,86","272,32","20,77M","-0,12%"
"22.12.2025","276,59","277,15","279,99","268,29","30,96M","4,01%"
"19.12.2025","265,92","251,75","268,38","251,74","62,31M","6,99%"
"18.12.2025","248,55","256,53","263,65","245,00","65,01M","10,21%"
"17.12.2025","225,52","236,55","237,45","221,69","41,96M","-3,01%"
"16.12.2025","232,51","235,80","239,40","230,58","22,58M","-2,10%"
"15.12.2025","237,50","247,11","250,11","236,00","27,48M","-1,51%"
"12.12.2025","241,14","255,67","255,82","239,32","25,94M","-6,70%"
"11.12.2025","258,46","261,53","262,85","251,55","18,87M","-1,99%"
"10.12.2025","263,71","255,13","264,75","250,58","21,96M","4,47%"
"09.12.2025","252,42","244,49","255,51","242,83","17,07M","2,23%"
"08.12.2025","246,92","243,49","249,23","241,61","20,50M","4,09%"
"05.12.2025","237,22","228,95","240,57","226,68","21,16M","4,66%"
"04.12.2025","226,65","230,28","234,16","223,33","23,51M","-3,21%"
"03.12.2025","234,16","236,39","237,80","228,09","19,19M","-2,23%"
"02.12.2025","239,49","238,74","244,37","234,33","18,17M","-0,40%"
"01.12.2025","240,46","232,29","242,36","231,50","18,24M","1,68%"
"28.11.2025","236,48","235,62","238,10","233,47","12,91M","2,70%"
"26.11.2025","230,26","229,62","233,83","226,00","17,82M","2,55%"
"25.11.2025","224,53","219,22","226,19","216,00","17,44M","0,27%"
"24.11.2025","223,93","213,41","226,11","212,36","33,05M","7,99%"
"21.11.2025","207,37","204,53","212,00","192,59","36,68M","2,98%"
"20.11.2025","201,37","230,24","230,60","199,60","47,42M","-10,87%"
"19.11.2025","225,92","226,91","234,35","216,36","35,26M","-1,13%"
"18.11.2025","228,50","235,48","238,93","225,52","33,84M","-5,56%"
"17.11.2025","241,95","246,92","260,58","239,46","30,30M","-1,98%"
"14.11.2025","246,83","231,45","255,17","231,23","36,17M","4,17%"
"13.11.2025","236,95","243,60","249,50","230,16","32,32M","-3,25%"
"12.11.2025","244,90","244,90","249,19","240,84","17,26M","1,57%"
"11.11.2025","241,11","248,34","249,99","238,79","22,62M","-4,81%"
"10.11.2025","253,30","247,96","257,07","247,81","27,87M","6,46%"
"07.11.2025","237,92","234,03","242,55","226,40","30,61M","-0,17%"
"06.11.2025","238,33","237,84","246,41","234,88","32,02M","0,35%"
"05.11.2025","237,50","225,66","239,88","224,73","28,62M","8,93%"
"04.11.2025","218,03","222,14","228,67","217,40","23,70M","-7,10%"
"03.11.2025","234,70","233,88","237,62","231,80","21,20M","4,88%"
"31.10.2025","223,77","227,75","231,25","218,82","16,32M","-0,11%"
"30.10.2025","224,01","226,10","227,40","220,74","14,80M","-1,16%"
"29.10.2025","226,63","229,05","232,40","226,10","23,22M","2,13%"
"28.10.2025","221,91","218,93","222,90","217,56","14,96M","0,82%"
"27.10.2025","220,10","224,81","224,98","215,74","23,87M","0,49%"
"24.10.2025","219,02","212,39","219,82","209,98","25,82M","5,96%"
"23.10.2025","206,71","196,70","209,00","195,20","19,40M","4,15%"
"22.10.2025","198,47","202,25","205,58","192,40","21,95M","-1,89%"
"21.10.2025","202,29","204,30","205,87","200,84","13,72M","-2,17%"
"20.10.2025","206,77","209,65","214,75","205,50","23,27M","2,17%"
"17.10.2025","202,38","199,28","203,39","195,55","23,28M","-0,07%"
"16.10.2025","202,53","199,96","206,34","195,20","42,04M","5,52%"
"15.10.2025","191,94","192,48","192,88","187,42","17,79M","2,61%"
"14.10.2025","187,06","186,96","192,46","186,25","15,91M","-2,96%"
"13.10.2025","192,77","190,79","193,40","187,99","20,93M","6,15%"
"10.10.2025","181,60","192,96","193,44","179,61","26,99M","-5,58%"
"09.10.2025","192,33","192,96","196,62","189,50","19,72M","-2,14%"
"08.10.2025","196,54","188,99","196,95","188,80","26,83M","5,84%"
"07.10.2025","185,69","194,85","195,30","183,24","27,83M","-2,76%"
"06.10.2025","190,96","195,01","201,00","189,43","36,39M","1,67%"
"03.10.2025","187,83","185,21","191,85","184,92","29,40M","2,22%"
"02.10.2025","183,75","184,96","186,18","181,21","25,12M","0,88%"
"01.10.2025","182,15","165,60","182,39","165,50","41,67M","8,86%"
"30.09.2025","167,32","164,10","168,95","163,96","20,09M","2,09%"
"29.09.2025","163,90","160,00","165,80","159,97","26,51M","4,22%"
"26.09.2025","157,27","158,52","158,92","155,18","24,04M","0,28%"
"25.09.2025","156,83","157,39","158,95","154,65","32,21M","-3,02%"
"24.09.2025","161,71","165,08","166,00","158,30","57,10M","-2,82%"
"23.09.2025","166,41","165,68","168,99","165,23","43,32M","1,09%"
"22.09.2025","164,62","164,38","167,26","161,59","25,85M","1,16%"
"19.09.2025","162,73","162,75","163,70","159,38","37,31M","-3,65%"
"18.09.2025","168,89","162,99","170,45","162,60","28,21M","5,56%"
"17.09.2025","159,99","157,40","160,59","155,26","18,84M","0,74%"
"16.09.2025","158,82","157,98","159,56","157,16","16,91M","0,67%"
"15.09.2025","157,77","156,96","160,34","156,55","20,10M","0,34%"
"12.09.2025","157,23","153,55","158,28","153,21","32,29M","4,42%"
"11.09.2025","150,57","147,72","156,26","147,61","52,45M","7,55%"
"10.09.2025","140,00","140,02","142,24","138,34","25,79M","3,52%"
"09.09.2025","135,24","131,76","138,00","131,56","20,70M","2,88%"
"08.09.2025","131,46","130,55","132,26","128,40","19,49M","0,07%"
"05.09.2025","131,37","127,77","131,41","125,66","28,42M","5,76%"
"04.09.2025","124,21","118,85","124,41","118,52","18,59M","4,62%"
"03.09.2025","118,72","119,36","119,44","117,29","14,10M","0,20%"
"02.09.2025","118,48","115,86","118,56","114,25","13,77M","-0,45%"
"29.08.2025","119,01","122,60","122,77","118,06","16,77M","-2,45%"
"28.08.2025","122,00","118,88","122,57","118,73","17,30M","3,61%"
"27.08.2025","117,75","116,85","118,73","116,44","15,35M","1,07%"
"26.08.2025","116,50","116,09","118,36","115,81","12,58M","0,07%"
"25.08.2025","116,42","117,68","118,08","116,10","8,67M","-1,07%"
"22.08.2025","117,68","117,65","120,70","116,51","17,04M","1,63%"
"21.08.2025","115,79","117,00","117,73","115,61","13,17M","-1,21%"
"20.08.2025","117,21","118,70","118,91","113,46","25,79M","-3,97%"
"19.08.2025","122,05","122,94","124,24","121,31","11,49M","-1,21%"
"18.08.2025","123,55","121,35","123,68","120,66","12,21M","2,22%"
"15.08.2025","120,87","123,17","123,38","119,44","18,99M","-3,53%"
"14.08.2025","125,29","123,20","125,74","121,40","12,24M","0,82%"
"13.08.2025","124,27","127,58","128,60","123,35","18,44M","-2,72%"
"12.08.2025","127,75","124,70","128,55","123,04","25,99M","3,26%"
"11.08.2025","123,72","124,97","127,28","121,65","35,07M","4,06%"
"08.08.2025","118,89","112,17","119,33","111,67","28,96M","6,28%"
"07.08.2025","111,87","114,14","115,28","110,79","18,99M","2,84%"
"06.08.2025","108,78","107,90","108,96","106,75","13,02M","-0,26%"
"05.08.2025","109,06","109,30","110,64","106,83","17,84M","1,20%"
"04.08.2025","107,77","106,01","107,88","105,46","14,78M","2,76%"
"01.08.2025","104,88","105,49","106,50","103,38","24,00M","-3,90%"
"31.07.2025","109,14","112,19","112,27","106,94","29,22M","-4,88%"
"30.07.2025","114,74","112,60","114,89","112,41","16,38M","2,48%"
"29.07.2025","111,96","112,04","113,54","110,67","16,65M","0,64%"
"28.07.2025","111,25","111,72","112,00","109,86","12,93M","-0,01%"
"25.07.2025","111,26","110,99","111,50","108,83","16,37M","-0,42%"
"24.07.2025","111,73","111,06","112,73","110,25","20,29M","1,73%"
"23.07.2025","109,83","109,44","110,29","108,88","17,81M","0,56%"
"22.07.2025","109,22","112,86","113,00","108,13","27,92M","-3,54%"
"21.07.2025","113,23","113,58","115,92","112,67","22,19M","-1,01%"
"18.07.2025","114,39","114,24","114,80","113,28","19,35M","1,00%"
"17.07.2025","113,26","113,93","114,20","110,95","34,70M","-2,72%"
"16.07.2025","116,43","119,03","119,09","114,81","30,61M","-3,06%"
"15.07.2025","120,11","120,94","121,39","119,12","24,96M","1,26%"
"14.07.2025","118,61","120,38","120,44","117,02","32,12M","-4,75%"
"11.07.2025","124,53","122,13","124,81","121,24","15,82M","1,15%"
"10.07.2025","123,11","124,28","124,35","122,02","15,38M","0,71%"
"09.07.2025","122,24","124,82","126,15","121,28","20,46M","-1,75%"
"08.07.2025","124,42","122,44","125,45","121,95","26,24M","3,75%"
"07.07.2025","119,92","121,18","121,50","118,91","19,15M","-1,94%"
"03.07.2025","122,29","122,32","123,63","121,83","13,25M","0,45%"
"02.07.2025","121,74","120,50","123,00","118,06","29,30M","0,70%"
"01.07.2025","120,89","122,35","123,99","119,08","24,83M","-1,91%"
"30.06.2025","123,25","124,89","125,08","121,85","22,80M","-1,21%"
"27.06.2025","124,76","125,14","127,54","123,39","36,89M","-0,98%"
"26.06.2025","126,00","129,53","129,85","123,79","62,68M","-0,98%"
"25.06.2025","127,25","126,61","127,50","125,62","39,41M","-0,52%"
"24.06.2025","127,91","125,11","128,10","124,96","26,42M","4,78%"
"23.06.2025","122,08","123,67","124,51","119,81","23,40M","-1,23%"
"20.06.2025","123,60","122,77","124,16","120,38","29,29M","1,46%"
"18.06.2025","121,82","120,46","122,98","120,18","20,18M","1,23%"
"17.06.2025","120,34","119,60","123,51","119,35","20,84M","0,42%"
"16.06.2025","119,84","117,81","120,96","117,32","21,37M","3,67%"
"13.06.2025","115,60","113,80","117,10","113,66","17,45M","-0,50%"
"12.06.2025","116,18","114,11","116,48","113,52","17,08M","0,13%"
"11.06.2025","116,03","115,60","117,26","114,73","21,61M","1,66%"
"10.06.2025","114,14","111,53","114,92","111,23","22,95M","2,88%"
"09.06.2025","110,95","109,51","112,53","108,58","20,16M","2,20%"
"06.06.2025","108,56","108,08","111,05","108,04","20,71M","2,14%"
"05.06.2025","106,29","106,30","109,03","105,53","28,86M","2,94%"
"04.06.2025","103,25","102,38","103,91","101,70","14,60M","0,98%"
"03.06.2025","102,25","98,36","102,93","96,96","22,76M","4,15%"
"02.06.2025","98,18","94,58","99,24","94,40","16,85M","3,94%"
"30.05.2025","94,46","96,04","96,61","92,22","23,76M","-2,42%"
"29.05.2025","96,80","98,59","99,63","96,11","14,64M","0,64%"
"28.05.2025","96,18","96,70","97,21","95,60","10,50M","-0,21%"
"27.05.2025","96,38","95,18","96,70","94,19","17,61M","3,22%"
"23.05.2025","93,37","92,26","93,84","90,93","16,54M","-1,54%"
"22.05.2025","94,83","95,41","97,22","94,37","13,25M","-1,05%"
"21.05.2025","95,84","97,16","98,82","95,26","15,76M","-2,30%"
"20.05.2025","98,10","97,92","98,63","96,97","12,33M","-0,56%"
"19.05.2025","98,65","95,71","99,02","95,70","14,38M","0,66%"
"16.05.2025","98,00","95,90","98,19","95,70","22,61M","2,67%"
"15.05.2025","95,45","94,01","95,61","92,17","24,20M","0,14%"
"14.05.2025","95,32","96,30","97,65","94,32","28,04M","-1,66%"
"13.05.2025","96,93","92,54","97,41","92,54","28,01M","5,03%"
"12.05.2025","92,29","92,81","94,20","91,95","27,77M","7,49%"
"09.05.2025","85,86","85,57","86,27","84,68","13,02M","0,83%"
"08.05.2025","85,15","84,25","86,21","83,36","17,58M","3,06%"
"07.05.2025","82,62","80,99","82,87","80,20","14,92M","2,62%"
"06.05.2025","80,51","79,04","81,21","78,54","13,17M","0,11%"
"05.05.2025","80,42","79,41","81,15","79,05","12,51M","-0,37%"
"02.05.2025","80,72","79,58","81,67","79,10","18,90M","3,79%"
"01.05.2025","77,77","79,40","79,89","77,64","15,35M","1,07%"
"30.04.2025","76,95","73,62","77,14","73,50","19,78M","0,09%"
"29.04.2025","76,88","77,94","78,19","76,47","17,10M","-2,14%"
"28.04.2025","78,56","78,76","79,61","76,92","16,88M","-1,53%"
"25.04.2025","79,78","77,55","80,30","76,90","19,75M","3,05%"
"24.04.2025","77,42","74,57","77,59","73,60","23,88M","6,16%"
"23.04.2025","72,93","73,69","75,40","72,50","26,39M","3,87%"
"22.04.2025","70,21","67,54","70,40","67,44","20,35M","5,20%"
"21.04.2025","66,74","67,76","68,00","65,64","19,83M","-2,99%"
"17.04.2025","68,80","70,43","70,48","67,00","20,69M","-0,76%"
"16.04.2025","69,33","67,93","70,45","67,17","28,48M","-2,41%"
"15.04.2025","71,04","71,12","72,80","70,55","19,13M","0,03%"
"14.04.2025","71,02","74,67","74,78","69,97","32,63M","2,11%"
"11.04.2025","69,55","69,04","70,17","66,82","30,81M","-0,71%"
"10.04.2025","70,05","72,50","73,05","67,50","44,88M","-10,04%"
"09.04.2025","77,87","66,20","78,56","63,70","63,13M","18,81%"
"08.04.2025","65,54","71,60","72,97","63,52","40,82M","-4,14%"
"07.04.2025","68,37","63,94","72,46","61,54","50,18M","5,64%"
"04.04.2025","64,72","70,65","71,34","63,86","50,74M","-12,94%"
"03.04.2025","74,34","82,92","83,35","74,21","44,84M","-16,09%"
"02.04.2025","88,60","87,13","89,93","86,70","14,52M","-0,12%"
"01.04.2025","88,71","88,53","88,89","86,25","15,34M","2,09%"
"31.03.2025","86,89","86,00","87,09","84,10","21,09M","-1,75%"
"28.03.2025","88,44","90,47","90,89","87,60","17,12M","-2,98%"
"27.03.2025","91,16","91,09","92,21","89,61","15,66M","-1,05%"
"26.03.2025","92,13","96,00","96,64","90,97","27,22M","-2,18%"
"25.03.2025","94,18","96,18","96,38","93,25","22,19M","-2,85%"
"24.03.2025","96,94","96,10","98,42","95,33","35,41M","2,34%"
"21.03.2025","94,72","98,20","98,50","93,70","63,24M","-8,04%"
"20.03.2025","103,00","101,58","104,69","101,35","29,20M","0,92%"
"19.03.2025","102,06","100,82","103,60","100,49","16,63M","0,33%"
"18.03.2025","101,72","101,90","103,31","100,29","18,43M","-1,35%"
"17.03.2025","103,11","101,06","104,45","100,96","17,10M","2,30%"
"14.03.2025","100,79","98,75","102,78","98,75","24,62M","6,23%"
"13.03.2025","94,88","94,25","98,12","94,00","18,82M","-0,79%"
"12.03.2025","95,64","92,47","96,99","92,24","23,58M","7,40%"
"11.03.2025","89,05","87,90","91,10","86,07","21,96M","2,26%"
"10.03.2025","87,08","89,59","91,37","85,76","21,90M","-6,33%"
"07.03.2025","92,96","90,29","93,34","89,49","19,13M","4,13%"
"06.03.2025","89,27","90,93","93,29","89,03","18,71M","-5,37%"
"05.03.2025","94,34","92,15","95,05","90,43","14,01M","3,44%"
"04.03.2025","91,20","90,20","93,59","86,80","23,61M","0,73%"
"03.03.2025","90,54","95,81","96,20","89,39","20,28M","-3,30%"
"28.02.2025","93,63","91,00","94,46","89,87","23,36M","1,97%"
"27.02.2025","91,82","97,84","99,89","91,49","22,39M","-6,03%"
"26.02.2025","97,71","96,00","99,72","95,50","21,34M","4,82%"
"25.02.2025","93,22","95,50","95,93","92,75","18,61M","-2,30%"
"24.02.2025","95,41","100,21","100,70","95,28","14,88M","-3,47%"
"21.02.2025","98,84","103,64","103,66","97,75","18,65M","-4,21%"
"20.02.2025","103,18","103,98","104,85","102,34","14,49M","-1,13%"
"19.02.2025","104,36","105,75","107,19","103,62","17,88M","-2,28%"
"18.02.2025","106,79","102,64","107,88","102,04","29,64M","7,31%"
"14.02.2025","99,52","98,41","100,70","98,00","21,28M","4,04%"
"13.02.2025","95,66","92,06","96,07","92,02","16,58M","4,34%"
"12.02.2025","91,68","89,60","92,64","87,35","22,87M","-2,55%"
"11.02.2025","94,08","94,25","95,84","93,56","12,12M","-1,93%"
"10.02.2025","95,93","93,18","96,26","93,17","16,22M","3,93%"
"07.02.2025","92,30","95,59","95,93","91,59","15,60M","-2,37%"
"06.02.2025","94,54","94,88","96,61","93,58","16,14M","1,00%"
"05.02.2025","93,60","90,39","93,65","90,22","15,68M","3,24%"
"04.02.2025","90,66","89,05","91,45","88,80","12,83M","0,82%"
"03.02.2025","89,92","88,65","91,40","88,02","18,61M","-1,45%"
"31.01.2025","91,24","91,65","94,27","91,14","20,54M","-1,36%"
"30.01.2025","92,50","90,66","93,16","90,30","22,50M","3,92%"
"29.01.2025","89,01","89,88","90,45","87,76","25,34M","0,86%"
"28.01.2025","88,25","92,61","93,45","88,04","34,79M","-3,14%"
"27.01.2025","91,11","94,86","96,10","88,36","50,70M","-11,71%"
"24.01.2025","103,19","105,50","105,72","102,72","19,74M","-1,57%"
"23.01.2025","104,84","104,79","106,18","103,35","22,68M","-4,02%"
"22.01.2025","109,23","109,17","110,67","107,76","20,00M","-0,14%"
"21.01.2025","109,38","105,43","110,24","105,23","23,53M","3,43%"
"17.01.2025","105,75","104,64","105,88","102,50","18,91M","3,07%"
"16.01.2025","102,60","104,32","104,80","101,87","16,24M","-0,57%"
"15.01.2025","103,19","99,44","103,93","99,35","27,57M","5,99%"
"14.01.2025","97,36","97,05","97,41","95,38","18,61M","2,42%"
"13.01.2025","95,06","95,84","96,00","92,88","22,70M","-4,31%"
"10.01.2025","99,34","98,11","100,78","96,87","20,51M","-0,07%"
"08.01.2025","99,41","102,82","103,47","98,30","33,52M","-2,45%"
"07.01.2025","101,91","103,41","106,74","101,16","53,57M","2,67%"
"06.01.2025","99,26","95,57","101,52","95,48","42,90M","10,45%"
"03.01.2025","89,87","87,95","90,19","87,51","17,48M","2,91%"
"02.01.2025","87,33","84,98","87,65","84,74","18,86M","3,77%"
"31.12.2024","84,16","85,44","86,40","84,09","18,69M","-1,35%"
"30.12.2024","85,31","86,99","87,05","84,58","22,02M","-3,75%"
"27.12.2024","88,63","89,00","89,49","87,58","19,42M","-1,32%"
"26.12.2024","89,82","88,50","90,63","88,10","14,51M","0,60%"
"24.12.2024","89,28","89,58","89,70","88,23","13,02M","-0,49%"
"23.12.2024","89,72","90,00","91,10","88,40","26,04M","-0,44%"
"20.12.2024","90,12","85,41","90,25","83,54","49,58M","3,48%"
"19.12.2024","87,09","90,07","91,00","84,61","91,40M","-16,18%"
"18.12.2024","103,90","110,25","112,04","102,73","63,02M","-4,33%"
"17.12.2024","108,60","109,75","110,49","107,68","35,81M","0,31%"
"16.12.2024","108,26","105,61","111,13","104,54","42,74M","5,62%"
"13.12.2024","102,50","100,76","103,20","99,67","23,93M","4,34%"
"12.12.2024","98,24","101,40","101,98","97,76","19,33M","-3,74%"
"11.12.2024","102,06","99,50","102,66","98,30","15,25M","4,03%"
"10.12.2024","98,10","104,96","105,00","97,27","23,55M","-4,59%"
"09.12.2024","102,82","100,65","104,50","100,37","14,14M","1,63%"
"06.12.2024","101,17","100,88","102,19","100,03","12,38M","0,30%"
"05.12.2024","100,87","103,88","104,25","100,61","13,45M","-2,26%"
"04.12.2024","103,20","100,77","103,41","99,80","16,31M","3,37%"
"03.12.2024","99,84","101,12","103,68","99,63","23,48M","1,31%"
"02.12.2024","98,55","97,60","100,09","97,53","16,53M","0,61%"
"29.11.2024","97,95","97,24","98,20","96,10","13,73M","-0,25%"
"27.11.2024","98,20","100,94","101,04","96,64","17,05M","-3,54%"
"26.11.2024","101,80","104,00","104,72","100,31","19,28M","-2,57%"
"25.11.2024","104,48","103,85","106,40","103,81","22,84M","1,79%"
"22.11.2024","102,64","102,36","103,71","101,65","12,06M","-0,12%"
"21.11.2024","102,76","100,10","103,29","98,06","18,92M","4,46%"
"20.11.2024","98,37","97,97","98,53","96,53","10,49M","0,65%"
"19.11.2024","97,73","97,00","98,18","96,51","14,16M","0,23%"
"18.11.2024","97,51","96,54","98,07","95,53","14,25M","1,21%"
"15.11.2024","96,34","97,55","98,20","95,64","18,52M","-2,86%"
"14.11.2024","99,18","101,29","102,29","98,56","18,46M","-0,74%"
"13.11.2024","99,92","102,80","103,34","99,82","18,42M","-4,02%"
"12.11.2024","104,10","105,00","105,09","102,07","21,86M","-4,19%"
"11.11.2024","108,65","110,94","111,51","106,77","14,48M","-2,90%"
"08.11.2024","111,90","112,14","114,30","110,57","13,05M","-1,33%"
"07.11.2024","113,41","112,56","113,86","111,37","13,57M","1,41%"
"06.11.2024","111,83","108,38","112,32","107,00","20,30M","6,01%"
"05.11.2024","105,49","102,00","105,62","101,79","12,07M","3,70%"
"04.11.2024","101,73","101,50","103,79","101,00","15,77M","2,01%"
"01.11.2024","99,73","100,00","100,61","99,37","13,62M","0,08%"
"31.10.2024","99,65","102,20","102,49","99,07","19,83M","-4,26%"
"30.10.2024","104,08","106,26","106,80","103,64","14,32M","-3,79%"
"29.10.2024","108,18","106,58","108,75","105,60","15,16M","1,68%"
"28.10.2024","106,39","106,78","108,18","106,32","12,38M","-1,41%"
"25.10.2024","107,91","108,34","109,88","107,72","12,26M","0,99%"
"24.10.2024","106,85","106,78","107,53","105,54","13,21M","1,71%"
"23.10.2024","105,05","106,56","107,10","103,54","15,17M","-2,57%"
"22.10.2024","107,82","108,24","108,51","106,37","13,76M","-1,16%"
"21.10.2024","109,08","111,10","111,14","107,69","14,83M","-1,86%"
"18.10.2024","111,15","111,75","112,90","109,86","16,70M","-0,80%"
"17.10.2024","112,05","111,34","114,14","111,01","26,58M","2,57%"
"16.10.2024","109,24","106,02","109,63","105,61","20,45M","4,72%"
"15.10.2024","104,32","107,86","109,49","102,71","23,42M","-3,71%"
"14.10.2024","108,34","107,81","108,71","106,80","15,02M","1,33%"
"11.10.2024","106,92","105,04","107,65","104,99","19,13M","1,16%"
"10.10.2024","105,69","101,37","106,58","100,85","27,61M","3,92%"
"09.10.2024","101,70","102,25","102,29","100,32","18,44M","-0,82%"
"08.10.2024","102,54","102,18","102,94","101,26","18,86M","-0,36%"
"07.10.2024","102,91","102,16","104,59","100,81","21,75M","0,65%"
"04.10.2024","102,25","103,65","104,24","101,40","21,95M","0,42%"
"03.10.2024","101,82","99,47","102,53","99,40","22,18M","1,97%"
"02.10.2024","99,85","100,59","102,12","99,33","26,33M","-0,46%"
"01.10.2024","100,31","103,40","104,20","98,94","34,31M","-3,28%"
"30.09.2024","103,71","106,08","106,75","102,26","39,63M","-3,53%"
"27.09.2024","107,50","110,50","110,97","107,03","42,96M","-2,17%"
"26.09.2024","109,88","113,10","114,80","107,53","107,97M","14,73%"
"25.09.2024","95,77","94,16","96,18","93,93","54,76M","1,88%"
"24.09.2024","94,00","94,73","95,00","92,76","23,04M","0,46%"
"23.09.2024","93,57","92,68","94,80","92,58","23,39M","2,94%"
"20.09.2024","90,90","88,40","90,97","88,33","28,71M","1,85%"
"19.09.2024","89,25","89,35","90,39","87,58","25,21M","2,18%"
"18.09.2024","87,35","87,99","89,20","86,71","20,13M","-1,56%"
"17.09.2024","88,73","88,06","89,57","87,54","17,74M","1,78%"
"16.09.2024","87,18","87,24","88,24","85,92","26,49M","-4,43%"
"13.09.2024","91,22","88,09","91,47","87,87","21,27M","4,60%"
"12.09.2024","87,21","87,10","88,03","84,12","30,98M","-3,79%"
"11.09.2024","90,65","88,20","90,83","86,08","20,88M","4,38%"
"10.09.2024","86,85","86,97","87,19","84,87","17,02M","0,67%"
"09.09.2024","86,27","87,85","87,96","85,01","20,53M","-0,13%"
"06.09.2024","86,38","89,37","89,65","85,26","23,59M","-3,37%"
"05.09.2024","89,39","88,10","90,70","87,76","13,89M","0,11%"
"04.09.2024","89,29","88,36","90,73","87,81","16,36M","0,80%"
"03.09.2024","88,58","93,63","93,88","88,31","28,90M","-7,96%"
"30.08.2024","96,24","96,92","98,41","94,99","18,82M","0,70%"
"29.08.2024","95,57","96,56","97,98","94,99","18,98M","0,75%"
"28.08.2024","94,86","97,36","97,68","92,70","25,56M","-3,07%"
"27.08.2024","97,86","97,09","98,49","96,67","17,23M","-1,06%"
"26.08.2024","98,91","100,67","102,19","97,61","26,75M","-3,83%"
"23.08.2024","102,85","103,04","104,41","100,31","25,47M","-1,35%"
"22.08.2024","104,26","108,95","111,00","103,96","17,97M","-3,76%"
"21.08.2024","108,33","108,16","108,40","106,21","13,66M","0,31%"
"20.08.2024","107,99","108,33","109,19","106,16","16,08M","-0,59%"
"19.08.2024","108,63","107,25","108,72","104,76","15,74M","0,59%"
"16.08.2024","107,99","106,83","109,47","105,35","18,38M","0,97%"
"15.08.2024","106,95","103,51","108,05","102,75","29,13M","6,51%"
"14.08.2024","100,41","101,00","101,95","98,07","22,46M","3,05%"
"13.08.2024","97,44","96,61","97,78","94,91","23,57M","2,96%"
"12.08.2024","94,64","93,10","96,53","92,63","18,89M","1,68%"
"09.08.2024","93,08","91,79","94,53","91,45","21,63M","1,10%"
"08.08.2024","92,07","88,48","92,85","88,03","24,76M","6,07%"
"07.08.2024","86,80","93,38","93,58","86,58","29,48M","-2,47%"
"06.08.2024","89,00","89,20","90,86","87,15","26,46M","-1,57%"
"05.08.2024","90,42","87,63","92,25","84,91","36,98M","-2,46%"
"02.08.2024","92,70","97,16","97,69","91,07","36,04M","-8,68%"
"01.08.2024","101,51","107,18","107,86","99,95","31,64M","-7,57%"
"31.07.2024","109,82","109,85","111,34","107,75","26,50M","7,08%"
"30.07.2024","102,56","109,00","109,25","102,17","23,92M","-4,90%"
"29.07.2024","107,85","110,54","111,03","107,14","13,52M","-1,43%"
"26.07.2024","109,41","110,00","110,63","107,78","18,55M","1,82%"
"25.07.2024","107,45","106,80","110,70","105,04","29,07M","-2,57%"
"24.07.2024","110,28","111,47","114,04","110,00","25,26M","-3,47%"
"23.07.2024","114,25","115,13","116,33","113,83","14,71M","-0,89%"
"22.07.2024","115,28","115,36","115,58","113,64","23,84M","0,89%"
"19.07.2024","114,26","116,69","117,21","113,85","18,04M","-2,72%"
"18.07.2024","117,45","120,50","121,64","114,09","30,40M","-1,72%"
"17.07.2024","119,50","122,58","123,03","119,23","31,41M","-6,27%"
"16.07.2024","127,49","130,42","130,97","127,24","21,31M","-2,58%"
"15.07.2024","130,87","133,91","135,35","130,03","20,42M","-2,01%"
"12.07.2024","133,55","131,75","134,43","130,72","20,73M","2,55%"
"11.07.2024","130,23","136,36","136,43","130,07","25,40M","-4,52%"
"10.07.2024","136,39","133,10","136,50","132,70","22,46M","4,00%"
"09.07.2024","131,14","131,75","135,21","130,88","21,90M","0,34%"
"08.07.2024","130,69","131,29","133,27","130,09","20,50M","-0,69%"
"05.07.2024","131,60","136,82","137,13","130,91","30,10M","-3,82%"
"03.07.2024","136,82","132,66","136,82","132,43","14,51M","3,19%"
"02.07.2024","132,59","129,91","132,71","129,42","20,78M","0,81%"
"01.07.2024","131,52","130,50","132,08","127,27","24,75M","-0,01%"
"28.06.2024","131,53","132,82","135,42","130,75","38,14M","-0,53%"
"27.06.2024","132,23","135,79","137,39","131,08","68,17M","-7,12%"
"26.06.2024","142,36","143,04","144,07","139,54","55,49M","0,88%"
"25.06.2024","141,12","140,07","141,13","137,75","32,37M","1,52%"
"24.06.2024","139,01","142,44","142,83","137,89","32,41M","-0,38%"
"21.06.2024","139,54","137,65","142,60","135,70","51,19M","-3,22%"
"20.06.2024","144,19","157,01","157,41","142,91","41,28M","-6,03%"
"18.06.2024","153,45","151,74","157,54","151,51","42,19M","3,80%"
"17.06.2024","147,83","145,58","148,75","142,14","23,91M","4,58%"
"14.06.2024","141,36","141,80","142,49","139,65","14,03M","-1,24%"
"13.06.2024","143,14","142,79","144,22","140,26","16,31M","1,70%"
"12.06.2024","140,75","138,51","141,71","136,83","16,97M","4,21%"
"11.06.2024","135,07","135,32","135,85","131,78","14,12M","0,19%"
"10.06.2024","134,82","129,71","135,66","129,71","14,67M","2,96%"
"07.06.2024","130,94","130,21","132,54","129,62","12,14M","0,67%"
"06.06.2024","130,07","133,84","134,13","129,18","15,51M","-2,72%"
"05.06.2024","133,71","128,80","133,87","127,65","22,30M","5,58%"
"04.06.2024","126,64","127,35","127,86","125,42","13,00M","-1,19%"
"03.06.2024","128,17","128,13","128,84","125,14","16,13M","2,54%"
"31.05.2024","125,00","126,35","127,32","121,01","24,15M","-1,02%"
"30.05.2024","126,29","130,30","131,67","125,70","12,67M","-4,02%"
"29.05.2024","131,58","130,00","133,10","129,90","11,24M","-0,82%"
"28.05.2024","132,67","131,76","133,30","129,27","14,14M","2,46%"
"24.05.2024","129,49","127,82","130,40","126,60","14,05M","2,55%"
"23.05.2024","126,27","131,77","131,95","124,66","20,75M","-0,01%"
"22.05.2024","126,28","127,79","127,87","125,24","11,19M","-0,96%"
"21.05.2024","127,50","124,20","128,82","123,28","15,72M","-1,16%"
"20.05.2024","129,00","127,13","131,02","126,64","19,12M","2,96%"
"17.05.2024","125,29","128,36","129,03","124,86","13,77M","-2,03%"
"16.05.2024","127,89","127,93","130,13","127,05","15,87M","0,06%"
"15.05.2024","127,81","126,23","127,95","125,44","14,27M","2,40%"
"14.05.2024","124,81","122,99","125,04","121,67","13,89M","1,47%"
"13.05.2024","123,00","122,93","124,11","121,65","16,64M","1,45%"
"10.05.2024","121,24","120,04","121,85","119,18","13,92M","2,91%"
"09.05.2024","117,81","119,32","119,63","117,44","11,52M","-1,27%"
"08.05.2024","119,32","118,30","120,47","118,22","10,87M","0,09%"
"07.05.2024","119,21","120,15","121,41","119,18","12,51M","-0,77%"
"06.05.2024","120,13","119,78","121,37","118,02","22,54M","4,73%"
"03.05.2024","114,70","115,03","115,48","113,45","15,56M","2,11%"
"02.05.2024","112,33","111,74","112,41","109,43","15,44M","2,40%"
"01.05.2024","109,70","110,52","113,73","108,75","16,69M","-2,89%"
"30.04.2024","112,96","114,18","116,28","112,93","14,85M","-1,22%"
"29.04.2024","114,36","113,81","114,75","112,11","14,42M","-0,42%"
"26.04.2024","114,84","112,00","115,06","111,60","20,63M","2,92%"
"25.04.2024","111,58","109,37","113,06","108,07","18,34M","-0,18%"
"24.04.2024","111,78","112,72","113,95","109,23","20,51M","-0,60%"
"23.04.2024","112,46","109,71","112,89","108,91","17,89M","3,06%"
"22.04.2024","109,12","107,60","110,23","106,63","19,82M","2,20%"
"19.04.2024","106,77","109,66","110,88","105,72","33,79M","-4,61%"
"18.04.2024","111,93","116,00","117,61","111,48","32,15M","-3,78%"
"17.04.2024","116,33","122,02","124,42","116,20","25,55M","-4,47%"
"16.04.2024","121,77","119,53","122,55","118,36","17,45M","0,33%"
"15.04.2024","121,37","123,63","124,78","120,61","17,73M","-0,94%"
"12.04.2024","122,52","125,25","125,99","121,83","24,81M","-3,91%"
"11.04.2024","127,51","122,90","127,56","122,08","21,75M","4,35%"
"10.04.2024","122,20","120,00","124,48","119,93","22,24M","-0,35%"
"09.04.2024","122,63","124,89","126,14","121,27","19,24M","-0,26%"
"08.04.2024","122,95","129,05","129,70","122,61","27,96M","-0,51%"
"05.04.2024","123,58","124,40","125,69","121,20","23,33M","-0,41%"
"04.04.2024","124,09","130,18","130,54","123,65","36,01M","-3,06%"
"03.04.2024","128,01","122,20","128,28","121,33","40,13M","4,29%"
"02.04.2024","122,75","122,71","123,68","120,92","25,03M","-1,25%"
"01.04.2024","124,30","119,19","127,38","119,00","44,31M","5,44%"
"28.03.2024","117,89","119,44","119,63","117,35","21,05M","-1,14%"
"27.03.2024","119,25","119,30","120,11","117,08","29,32M","0,38%"
"26.03.2024","118,80","119,00","122,46","118,17","44,30M","1,43%"
"25.03.2024","117,13","110,24","121,41","110,16","55,77M","6,28%"
"22.03.2024","110,21","109,31","111,34","107,05","37,28M","0,33%"
"21.03.2024","109,85","113,36","113,50","108,78","89,55M","14,13%"
"20.03.2024","96,25","94,99","96,68","93,59","39,81M","2,39%"
"19.03.2024","94,00","92,58","94,16","91,00","21,05M","0,23%"
"18.03.2024","93,78","96,82","97,08","93,69","23,14M","0,57%"
"15.03.2024","93,25","92,48","94,70","92,02","29,58M","1,99%"
"14.03.2024","91,43","93,30","93,45","90,30","16,72M","-2,90%"
"13.03.2024","94,16","95,32","95,34","93,10","16,73M","-3,35%"
"12.03.2024","97,42","95,33","97,50","93,64","14,99M","3,08%"
"11.03.2024","94,51","95,90","96,46","93,53","15,67M","-3,19%"
"08.03.2024","97,62","99,88","101,85","97,32","22,38M","-1,37%"
"07.03.2024","98,98","98,93","99,69","97,47","24,84M","3,58%"
"06.03.2024","95,56","95,05","96,43","94,56","14,23M","1,15%"
"05.03.2024","94,47","94,25","95,36","93,28","12,89M","-1,36%"
"04.03.2024","95,77","96,93","97,38","94,62","20,91M","0,65%"
"01.03.2024","95,15","91,92","96,06","91,92","23,45M","5,01%"
"29.02.2024","90,61","90,64","90,83","88,82","17,03M","1,00%"
"28.02.2024","89,71","90,46","90,79","89,30","14,19M","-2,33%"
"27.02.2024","91,85","91,89","92,75","90,49","21,42M","2,67%"
"26.02.2024","89,46","89,68","92,35","88,90","28,92M","4,02%"
"23.02.2024","86,00","86,55","86,82","85,05","10,23M","0,10%"
"22.02.2024","85,91","85,00","86,31","83,88","17,51M","5,42%"
"21.02.2024","81,49","80,79","81,50","79,94","9,94M","0,97%"
"20.02.2024","80,71","79,33","80,77","79,15","12,63M","1,52%"
"16.02.2024","79,50","80,96","81,34","79,25","15,55M","-2,61%"
"15.02.2024","81,63","82,24","82,71","81,51","11,53M","-0,24%"
"14.02.2024","81,83","82,18","83,18","81,49","12,87M","0,37%"
"13.02.2024","81,53","82,47","83,55","80,76","21,21M","-4,87%"
"12.02.2024","85,70","85,53","86,90","85,39","10,37M","0,16%"
"09.02.2024","85,56","85,06","85,62","83,96","12,16M","0,80%"
"08.02.2024","84,88","85,51","86,03","84,53","12,52M","-0,34%"
"07.02.2024","85,17","84,14","85,28","82,47","16,37M","0,67%"
"06.02.2024","84,60","86,83","87,19","83,72","12,99M","-2,74%"
"05.02.2024","86,98","86,74","87,22","85,61","8,41M","0,58%"
"02.02.2024","86,48","85,07","86,61","84,94","10,45M","1,02%"
"01.02.2024","85,61","86,07","86,19","84,61","10,46M","-0,16%"
"31.01.2024","85,75","84,96","86,92","84,79","11,40M","-0,48%"
"30.01.2024","86,16","88,08","88,79","85,76","12,98M","-3,27%"
"29.01.2024","89,07","88,50","89,57","88,01","12,11M","1,16%"
"26.01.2024","88,05","87,24","88,50","86,29","14,93M","-1,29%"
"25.01.2024","89,20","89,15","90,04","88,50","15,89M","1,27%"
"24.01.2024","88,08","88,41","88,57","86,61","19,75M","0,63%"
"23.01.2024","87,53","89,00","89,18","86,88","16,85M","-1,92%"
"22.01.2024","89,24","88,27","89,95","88,01","14,37M","1,98%"
"19.01.2024","87,51","86,06","87,79","85,62","18,16M","3,17%"
"18.01.2024","84,82","85,22","85,82","84,04","15,08M","1,85%"
"17.01.2024","83,28","83,69","83,97","82,63","10,25M","-1,57%"
"16.01.2024","84,61","82,54","85,21","82,33","13,71M","2,69%"
"12.01.2024","82,39","82,75","83,04","81,71","10,19M","-1,20%"
"11.01.2024","83,39","82,80","83,45","81,82","10,58M","1,23%"
"10.01.2024","82,38","82,96","83,02","81,66","10,75M","-1,14%"
"09.01.2024","83,33","83,13","84,19","82,90","12,14M","-1,91%"
"08.01.2024","84,95","83,89","85,51","83,83","16,22M","1,80%"
"05.01.2024","83,45","81,48","83,53","81,01","15,48M","0,89%"
"04.01.2024","82,71","83,47","84,26","82,61","19,13M","0,55%"
"03.01.2024","82,26","81,20","82,59","80,58","12,92M","-0,10%"
"02.01.2024","82,34","84,00","84,08","81,75","13,60M","-3,52%"
"29.12.2023","85,34","85,84","86,14","85,03","8,55M","-0,77%"
"28.12.2023","86,00","86,75","86,75","85,84","9,61M","-0,76%"
"27.12.2023","86,66","87,48","87,49","86,22","9,19M","-0,46%"
"26.12.2023","87,06","86,69","87,87","86,43","11,20M","0,66%"
"22.12.2023","86,49","86,15","87,49","85,62","22,53M","1,18%"
"21.12.2023","85,48","85,00","86,02","83,11","53,97M","8,63%"
"20.12.2023","78,69","81,46","81,62","78,63","29,08M","-4,24%"
"19.12.2023","82,17","81,67","82,27","81,17","14,32M","0,75%"
"18.12.2023","81,56","81,59","81,86","80,81","12,42M","0,18%"
"15.12.2023","81,41","82,89","82,99","81,11","19,55M","-0,95%"
"14.12.2023","82,19","80,81","82,40","80,79","17,34M","3,01%"
"13.12.2023","79,79","78,30","80,26","78,03","11,63M","2,09%"
"12.12.2023","78,16","77,42","78,26","77,10","10,26M","0,48%"
"11.12.2023","77,79","77,19","78,51","76,96","18,55M","3,78%"
"08.12.2023","74,96","73,48","75,35","73,43","12,01M","1,78%"
"07.12.2023","73,65","74,02","74,21","72,99","10,64M","0,71%"
"06.12.2023","73,13","75,30","75,40","72,93","8,88M","-0,76%"
"05.12.2023","73,69","73,47","73,97","73,04","8,80M","-0,81%"
"04.12.2023","74,29","75,42","75,60","73,33","11,66M","-2,16%"
"01.12.2023","75,93","76,01","76,54","75,09","14,35M","-0,25%"
"30.11.2023","76,12","76,82","77,00","74,97","21,70M","-0,74%"
"29.11.2023","76,69","77,45","79,02","76,38","14,06M","0,75%"
"28.11.2023","76,12","75,08","76,24","73,99","19,23M","-1,79%"
"27.11.2023","77,51","76,87","78,29","76,66","11,01M","0,83%"
"24.11.2023","76,87","76,68","77,01","76,37","4,35M","-0,30%"
"22.11.2023","77,10","77,20","78,45","76,85","8,58M","0,51%"
"21.11.2023","76,71","77,85","77,93","76,31","12,02M","-2,43%"
"20.11.2023","78,62","77,34","78,90","77,13","11,43M","1,37%"
"17.11.2023","77,56","76,60","77,94","76,47","9,38M","1,16%"
"16.11.2023","76,67","76,89","77,48","76,48","12,99M","-0,61%"
"15.11.2023","77,14","77,50","77,50","76,31","9,95M","-0,04%"
"14.11.2023","77,17","76,00","77,45","75,91","12,97M","3,20%"
"13.11.2023","74,78","74,15","75,20","73,39","9,12M","-0,77%"
"10.11.2023","75,36","74,44","75,81","73,57","12,31M","2,43%"
"09.11.2023","73,57","73,55","76,10","73,50","22,44M","1,78%"
"08.11.2023","72,28","72,62","72,78","71,71","9,92M","-0,71%"
"07.11.2023","72,80","72,48","73,13","71,71","8,25M","-0,16%"
"06.11.2023","72,92","72,58","72,99","72,02","10,07M","0,47%"
"03.11.2023","72,58","71,30","73,19","71,15","14,46M","3,04%"
"02.11.2023","70,44","70,32","71,03","69,75","11,93M","1,50%"
"01.11.2023","69,40","67,00","69,66","67,00","16,78M","3,78%"
"31.10.2023","66,87","66,08","67,07","65,26","8,27M","1,21%"
"30.10.2023","66,07","66,36","67,55","65,17","10,67M","0,64%"
"27.10.2023","65,65","64,92","66,27","64,88","9,98M","1,74%"
"26.10.2023","64,53","66,45","67,44","63,88","16,70M","-2,96%"
"25.10.2023","66,50","68,49","69,20","65,90","11,92M","-2,31%"
"24.10.2023","68,07","67,29","68,35","67,13","8,45M","1,78%"
"23.10.2023","66,88","66,82","68,16","66,23","9,49M","-0,51%"
"20.10.2023","67,22","67,56","68,52","67,14","11,51M","-0,46%"
"19.10.2023","67,53","69,68","69,78","67,18","18,11M","-2,33%"
"18.10.2023","69,14","68,01","69,55","67,98","11,20M","0,20%"
"17.10.2023","69,00","68,07","69,63","67,62","11,84M","-0,12%"
"16.10.2023","69,08","69,01","70,03","68,14","11,29M","-0,19%"
"13.10.2023","69,21","69,87","70,06","69,09","10,29M","-0,77%"
"12.10.2023","69,75","70,39","70,72","69,29","11,41M","-0,66%"
"11.10.2023","70,21","69,72","70,27","68,93","11,17M","1,65%"
"10.10.2023","69,07","69,49","70,11","68,89","9,01M","-0,59%"
"09.10.2023","69,48","69,61","69,95","68,57","8,59M","-0,69%"
"06.10.2023","69,96","68,71","70,32","68,00","15,11M","1,32%"
"05.10.2023","69,05","68,61","69,54","68,34","14,05M","1,38%"
"04.10.2023","68,11","68,31","68,50","67,12","12,91M","0,41%"
"03.10.2023","67,83","67,17","69,65","67,11","12,48M","-0,19%"
"02.10.2023","67,96","68,24","69,28","67,06","14,88M","-0,10%"
"29.09.2023","68,03","66,36","68,73","66,36","24,32M","4,34%"
"28.09.2023","65,20","65,97","67,09","63,83","46,75M","-4,41%"
"27.09.2023","68,21","68,12","68,85","66,75","20,85M","0,40%"
"26.09.2023","67,94","67,97","69,04","67,59","12,75M","-0,93%"
"25.09.2023","68,58","68,29","69,18","67,61","14,90M","-0,44%"
"22.09.2023","68,88","68,59","69,75","67,79","15,49M","1,44%"
"21.09.2023","67,90","69,00","69,29","67,83","14,98M","-2,55%"
"20.09.2023","69,68","70,95","72,31","69,65","15,53M","-1,46%"
"19.09.2023","70,71","70,62","71,06","69,97","10,40M","0,30%"
"18.09.2023","70,50","70,65","71,05","69,91","12,74M","0,89%"
"15.09.2023","69,88","71,29","71,63","69,64","16,42M","-2,66%"
"14.09.2023","71,79","71,67","72,23","71,28","11,17M","1,33%"
"13.09.2023","70,85","71,05","71,86","70,36","14,53M","0,77%"
"12.09.2023","70,31","69,96","71,69","69,79","11,06M","0,40%"
"11.09.2023","70,03","70,83","70,86","69,31","9,31M","-0,21%"
"08.09.2023","70,18","69,76","70,61","69,61","9,81M","0,44%"
"07.09.2023","69,87","69,45","70,29","69,10","12,04M","-0,77%"
"06.09.2023","70,41","70,13","70,66","69,64","9,19M","0,17%"
"05.09.2023","70,29","69,91","71,16","69,53","11,14M","-0,14%"
"01.09.2023","70,39","70,21","70,62","69,55","10,77M","0,64%"
"31.08.2023","69,94","67,97","70,54","67,97","18,42M","2,72%"
"30.08.2023","68,09","67,19","68,70","66,52","16,89M","2,11%"
"29.08.2023","66,68","64,90","67,03","64,87","9,95M","2,10%"
"28.08.2023","65,31","65,72","66,11","64,66","9,90M","2,50%"
"25.08.2023","63,72","63,46","64,39","62,63","9,41M","0,05%"
"24.08.2023","63,69","66,14","66,24","63,37","12,66M","-2,30%"
"23.08.2023","65,19","63,57","65,62","63,17","10,75M","2,81%"
"22.08.2023","63,41","64,30","65,08","63,28","8,88M","-0,86%"
"21.08.2023","63,96","63,68","64,19","62,86","11,31M","0,58%"
"18.08.2023","63,59","62,31","63,85","61,75","9,58M","0,05%"
"17.08.2023","63,56","64,49","64,71","63,40","9,93M","-1,03%"
"16.08.2023","64,22","65,00","65,23","64,09","9,90M","-1,70%"
"15.08.2023","65,33","67,59","67,63","65,32","13,81M","-4,32%"
"14.08.2023","68,28","64,37","68,48","64,20","21,95M","6,07%"
"11.08.2023","64,37","64,90","65,31","64,07","11,82M","-1,64%"
"10.08.2023","65,44","67,06","67,46","64,93","12,78M","-1,89%"
"09.08.2023","66,70","67,78","67,97","66,62","10,04M","-1,40%"
"08.08.2023","67,65","68,70","68,76","66,96","14,77M","-2,49%"
"07.08.2023","69,38","69,85","70,23","68,83","10,54M","-0,76%"
"04.08.2023","69,91","69,50","70,93","69,13","11,26M","1,06%"
"03.08.2023","69,18","67,57","69,39","67,16","11,08M","1,48%"
"02.08.2023","68,17","69,75","69,85","67,34","14,01M","-3,66%"
"01.08.2023","70,76","71,00","71,08","69,89","13,15M","-0,88%"
"31.07.2023","71,39","71,12","71,77","70,87","11,19M","0,27%"
"28.07.2023","71,20","71,58","72,13","70,65","11,94M","0,18%"
"27.07.2023","71,07","70,48","72,34","69,96","25,07M","5,48%"
"26.07.2023","67,38","65,00","67,88","65,00","14,92M","2,59%"
"25.07.2023","65,68","65,40","66,00","65,08","8,61M","0,31%"
"24.07.2023","65,48","65,36","66,64","65,22","10,28M","-0,26%"
"21.07.2023","65,65","65,29","66,16","64,34","24,54M","1,48%"
"20.07.2023","64,69","64,40","65,54","64,25","12,75M","-0,42%"
"19.07.2023","64,96","65,63","65,76","64,80","9,46M","0,03%"
"18.07.2023","64,94","64,37","65,12","63,75","10,40M","-0,34%"
"17.07.2023","65,16","63,80","65,67","63,34","11,33M","1,69%"
"14.07.2023","64,08","64,30","65,54","63,68","13,86M","-0,70%"
"13.07.2023","64,53","64,18","64,64","63,55","11,38M","1,16%"
"12.07.2023","63,79","64,47","64,70","63,13","13,95M","0,30%"
"11.07.2023","63,60","62,60","63,67","62,31","13,46M","1,79%"
"10.07.2023","62,48","60,83","62,83","60,58","16,95M","3,02%"
"07.07.2023","60,65","61,43","61,49","60,63","15,03M","-0,95%"
"06.07.2023","61,23","60,99","61,79","60,50","15,62M","-1,34%"
"05.07.2023","62,06","63,50","63,75","62,02","16,55M","-2,88%"
"03.07.2023","63,90","63,44","64,32","63,26","12,92M","1,25%"
"30.06.2023","63,11","64,50","65,10","62,90","31,55M","-1,90%"
"29.06.2023","64,33","67,84","67,95","63,55","51,14M","-4,09%"
"28.06.2023","67,07","65,65","67,73","65,39","27,10M","0,42%"
"27.06.2023","66,79","65,27","66,84","63,79","18,31M","2,05%"
"26.06.2023","65,45","65,63","66,70","65,41","13,82M","0,26%"
"23.06.2023","65,28","65,45","65,96","64,84","12,66M","-1,46%"
"22.06.2023","66,25","65,53","66,66","65,51","8,65M","0,68%"
"21.06.2023","65,80","66,75","67,20","65,34","10,43M","-1,64%"
"20.06.2023","66,90","67,32","67,62","65,77","13,27M","-1,12%"
"16.06.2023","67,66","70,15","70,50","66,06","32,26M","-1,69%"
"15.06.2023","68,82","68,59","69,52","68,36","11,84M","-0,43%"
"14.06.2023","69,12","67,54","69,21","67,52","11,09M","1,84%"
"13.06.2023","67,87","68,56","68,88","67,60","11,91M","0,62%"
"12.06.2023","67,45","65,84","67,54","65,79","14,74M","3,09%"
"09.06.2023","65,43","65,93","66,40","64,46","14,65M","0,17%"
"08.06.2023","65,32","66,50","66,52","64,01","25,86M","-2,59%"
"07.06.2023","67,06","68,41","68,67","66,94","14,61M","-0,71%"
"06.06.2023","67,54","67,03","68,84","66,82","12,48M","-0,34%"
"05.06.2023","67,77","69,50","69,50","67,51","12,44M","-2,02%"
"02.06.2023","69,17","69,99","70,54","68,29","13,47M","0,12%"
"01.06.2023","69,09","68,94","69,79","68,10","18,15M","1,30%"
"31.05.2023","68,20","68,89","69,85","67,92","30,40M","-4,87%"
"30.05.2023","71,69","74,39","74,77","71,58","24,45M","-3,03%"
"26.05.2023","73,93","69,88","74,59","69,80","33,41M","6,21%"
"25.05.2023","69,61","69,75","69,88","67,51","29,02M","4,63%"
"24.05.2023","66,53","64,95","66,73","64,88","15,81M","0,79%"
"23.05.2023","66,01","65,85","67,56","65,71","15,90M","-0,33%"
"22.05.2023","66,23","65,75","66,75","64,76","37,49M","-2,85%"
"19.05.2023","68,17","67,57","68,39","66,43","16,81M","0,89%"
"18.05.2023","67,57","65,98","68,59","65,08","30,69M","4,08%"
"17.05.2023","64,92","64,58","65,32","63,44","15,95M","1,87%"
"16.05.2023","63,73","64,55","65,22","63,30","15,27M","-1,41%"
"15.05.2023","64,64","62,23","64,87","61,80","22,23M","6,11%"
"12.05.2023","60,92","61,99","62,19","60,15","12,13M","-1,12%"
"11.05.2023","61,61","60,59","61,81","60,06","15,54M","2,70%"
"10.05.2023","59,99","61,92","62,31","59,79","14,55M","-1,54%"
"09.05.2023","60,93","59,88","61,39","59,55","11,90M","0,10%"
"08.05.2023","60,87","61,25","61,35","60,31","11,51M","-0,59%"
"05.05.2023","61,23","60,61","61,74","60,10","12,31M","1,19%"
"04.05.2023","60,51","60,55","60,96","59,90","13,36M","-0,66%"
"03.05.2023","60,91","61,49","62,18","60,81","10,82M","-1,60%"
"02.05.2023","61,90","62,23","62,58","61,24","12,24M","-0,72%"
"01.05.2023","62,35","63,89","64,10","62,31","12,82M","-3,12%"
"28.04.2023","64,36","62,43","64,43","62,30","18,09M","3,97%"
"27.04.2023","61,90","60,75","61,96","60,13","13,52M","1,44%"
"26.04.2023","61,02","59,58","61,18","59,34","25,39M","4,95%"
"25.04.2023","58,14","59,13","59,34","58,03","15,99M","-2,30%"
"24.04.2023","59,51","60,10","60,88","59,35","13,40M","-2,65%"
"21.04.2023","61,13","61,15","61,44","60,73","9,61M","-0,54%"
"20.04.2023","61,46","59,88","61,95","59,87","14,38M","1,34%"
"19.04.2023","60,65","60,98","61,21","60,38","11,65M","-2,07%"
"18.04.2023","61,93","63,33","63,45","61,48","12,18M","-0,98%"
"17.04.2023","62,54","62,22","62,77","61,97","11,55M","-0,14%"
"14.04.2023","62,63","63,18","63,22","61,76","14,95M","-0,59%"
"13.04.2023","63,00","61,51","63,37","60,79","23,29M","1,68%"
"12.04.2023","61,96","64,36","64,36","61,84","16,69M","-2,53%"
"11.04.2023","63,57","63,64","64,29","63,04","23,09M","0,47%"
"10.04.2023","63,27","61,18","63,77","61,00","43,28M","8,04%"
"06.04.2023","58,56","56,95","59,15","56,80","21,50M","2,70%"
"05.04.2023","57,02","56,82","57,11","56,01","19,46M","-0,44%"
"04.04.2023","57,27","59,67","60,10","56,95","21,30M","-3,93%"
"03.04.2023","59,61","59,81","59,81","57,87","23,61M","-1,21%"
"31.03.2023","60,34","60,35","61,66","59,90","35,42M","-4,36%"
"30.03.2023","63,09","64,03","64,10","62,48","23,04M","-0,71%"
"29.03.2023","63,54","60,91","64,42","60,87","51,94M","7,19%"
"28.03.2023","59,28","59,80","59,87","57,81","20,50M","-0,85%"
"27.03.2023","59,79","61,19","61,42","59,17","15,90M","-2,24%"
"24.03.2023","61,16","60,51","61,40","60,50","18,74M","-0,29%"
"23.03.2023","61,34","59,18","61,78","59,13","23,90M","5,45%"
"22.03.2023","58,17","58,40","60,41","58,09","16,95M","-0,78%"
"21.03.2023","58,63","58,38","59,52","57,60","14,61M","1,72%"
"20.03.2023","57,64","56,70","57,87","56,08","10,61M","1,73%"
"17.03.2023","56,66","56,80","57,72","56,22","26,66M","0,16%"
"16.03.2023","56,57","53,69","56,71","53,61","14,79M","4,51%"
"15.03.2023","54,13","53,33","54,27","52,88","14,64M","-0,26%"
"14.03.2023","54,27","54,97","55,42","53,70","14,66M","0,69%"
"13.03.2023","53,90","53,97","54,55","52,76","17,37M","-1,88%"
"10.03.2023","54,93","55,66","56,51","54,53","14,18M","-1,21%"
"09.03.2023","55,60","56,64","57,56","55,54","10,20M","-2,27%"
"08.03.2023","56,89","55,84","56,92","55,35","11,52M","2,39%"
"07.03.2023","55,56","56,50","56,73","55,31","13,28M","-2,23%"
"06.03.2023","56,83","57,28","58,65","56,54","14,47M","0,09%"
"03.03.2023","56,78","56,46","56,87","55,44","13,77M","0,62%"
"02.03.2023","56,43","55,50","56,69","54,72","16,63M","-1,59%"
"01.03.2023","57,34","57,86","58,55","57,22","9,14M","-0,83%"
"28.02.2023","57,82","57,64","58,74","57,40","10,49M","-0,14%"
"27.02.2023","57,90","59,17","59,56","57,83","8,51M","-0,48%"
"24.02.2023","58,18","57,70","58,37","57,35","9,87M","-0,97%"
"23.02.2023","58,75","59,14","59,75","57,44","16,09M","3,11%"
"22.02.2023","56,98","57,73","58,57","56,83","12,26M","-1,08%"
"21.02.2023","57,60","58,34","59,71","57,49","12,67M","-2,39%"
"17.02.2023","59,01","59,84","60,18","58,51","10,87M","-1,73%"
"16.02.2023","60,05","60,78","61,35","59,85","12,68M","-2,89%"
"15.02.2023","61,84","61,33","61,94","60,46","10,46M","-0,37%"
"14.02.2023","62,07","59,52","62,31","59,03","12,50M","3,24%"
"13.02.2023","60,12","59,82","60,28","58,84","11,47M","0,50%"
"10.02.2023","59,82","60,50","60,76","59,25","11,43M","-0,60%"
"09.02.2023","60,18","61,20","61,82","59,69","10,09M","-0,12%"
"08.02.2023","60,25","61,44","62,33","60,23","9,51M","-3,03%"
"07.02.2023","62,13","60,09","62,38","59,70","12,71M","3,58%"
"06.02.2023","59,98","60,94","61,18","59,74","11,48M","-3,89%"
"03.02.2023","62,41","62,00","63,79","61,90","12,19M","-1,20%"
"02.02.2023","63,17","63,56","63,92","61,86","15,88M","0,91%"
"01.02.2023","62,60","60,62","63,23","60,38","20,90M","3,81%"
"31.01.2023","60,30","59,10","60,34","58,65","23,86M","-2,28%"
"30.01.2023","61,71","62,76","63,28","61,69","16,17M","-3,38%"
"27.01.2023","63,87","62,14","64,34","61,96","15,90M","1,70%"
"26.01.2023","62,80","62,58","63,05","61,29","12,22M","2,05%"
"25.01.2023","61,54","60,67","61,67","60,42","10,79M","0,46%"
"24.01.2023","61,26","61,20","61,72","60,87","10,18M","-0,91%"
"23.01.2023","61,82","58,92","61,91","58,86","20,18M","5,75%"
"20.01.2023","58,46","57,47","58,57","56,76","13,83M","3,73%"
"19.01.2023","56,36","55,71","57,08","55,28","12,03M","-0,27%"
"18.01.2023","56,51","57,51","58,05","56,36","10,04M","-0,60%"
"17.01.2023","56,85","57,16","58,60","56,55","10,96M","-0,14%"
"13.01.2023","56,93","56,73","56,97","56,12","12,52M","-0,59%"
"12.01.2023","57,27","58,11","58,24","56,43","14,89M","-1,36%"
"11.01.2023","58,06","57,35","58,47","56,92","12,14M","1,49%"
"10.01.2023","57,21","56,16","57,28","55,86","10,57M","1,51%"
"09.01.2023","56,36","56,82","57,51","55,65","15,72M","-0,72%"
"06.01.2023","56,77","55,43","57,29","54,03","21,07M","3,77%"
"05.01.2023","54,71","53,89","55,39","53,89","18,03M","0,94%"
"04.01.2023","54,20","53,05","54,52","52,73","25,08M","7,60%"
"03.01.2023","50,37","50,56","50,96","49,55","12,42M","0,78%"
"30.12.2022","49,98","49,44","50,02","49,13","11,99M","-1,32%"
"29.12.2022","50,65","49,40","50,92","49,34","13,20M","3,11%"
"28.12.2022","49,12","49,84","51,08","48,83","12,52M","-1,80%"
"27.12.2022","50,02","49,61","50,31","48,52","15,16M","-0,36%"
"23.12.2022","50,20","49,00","50,55","48,99","17,43M","1,56%"
"22.12.2022","49,43","49,50","49,97","48,43","40,96M","-3,44%"
"21.12.2022","51,19","50,92","51,74","50,74","20,40M","1,01%"
"20.12.2022","50,68","51,34","51,97","50,45","16,94M","-2,01%"
"19.12.2022","51,72","52,17","52,29","51,10","16,47M","-0,67%"
"16.12.2022","52,07","51,74","52,54","51,62","22,95M","0,06%"
"15.12.2022","52,04","53,56","53,72","51,85","17,79M","-4,67%"
"14.12.2022","54,59","55,24","56,10","54,06","11,24M","-1,18%"
"13.12.2022","55,24","57,19","57,89","54,65","14,21M","-0,20%"
"12.12.2022","55,35","53,52","55,38","53,33","13,25M","0,87%"
"09.12.2022","54,87","54,68","55,85","54,52","9,93M","-0,60%"
"08.12.2022","55,20","54,56","55,69","54,05","13,61M","2,56%"
"07.12.2022","53,82","53,12","54,24","52,44","11,37M","0,26%"
"06.12.2022","53,68","53,86","54,63","53,24","17,99M","-0,67%"
"05.12.2022","54,04","54,37","55,27","53,69","13,81M","-1,17%"
"02.12.2022","54,68","54,34","55,42","53,38","15,95M","-1,46%"
"01.12.2022","55,49","57,83","57,92","55,10","21,76M","-3,75%"
"30.11.2022","57,65","53,58","57,68","52,61","31,46M","4,59%"
"29.11.2022","55,12","55,71","56,51","54,77","12,87M","-1,13%"
"28.11.2022","55,75","57,32","57,76","55,47","15,52M","-4,55%"
"25.11.2022","58,41","58,67","59,13","58,39","4,36M","-0,88%"
"23.11.2022","58,93","58,24","59,06","57,75","9,00M","0,53%"
"22.11.2022","58,62","57,55","58,68","56,98","8,96M","2,55%"
"21.11.2022","57,16","58,02","58,02","56,82","9,97M","-2,42%"
"18.11.2022","58,58","59,56","59,66","58,10","9,70M","-0,27%"
"17.11.2022","58,74","57,30","58,99","56,51","14,22M","-0,22%"
"16.11.2022","58,87","60,53","61,38","58,12","25,90M","-6,70%"
"15.11.2022","63,10","63,49","64,44","62,42","16,32M","2,14%"
"14.11.2022","61,78","61,94","62,75","60,99","13,99M","-1,18%"
"11.11.2022","62,52","60,65","63,18","59,88","17,58M","3,73%"
"10.11.2022","60,27","58,60","60,38","58,06","24,98M","7,68%"
"09.11.2022","55,97","56,22","56,65","55,51","19,95M","-2,64%"
"08.11.2022","57,49","57,38","57,87","56,48","14,19M","1,64%"
"07.11.2022","56,56","56,43","56,82","55,46","11,41M","0,71%"
"04.11.2022","56,16","55,26","56,91","54,81","18,88M","5,01%"
"03.11.2022","53,48","52,71","54,37","51,91","12,77M","0,06%"
"02.11.2022","53,45","54,74","56,27","53,42","17,31M","-2,57%"
"01.11.2022","54,86","55,09","55,44","54,11","11,73M","1,40%"
"31.10.2022","54,10","53,91","54,93","53,17","15,93M","0,11%"
"28.10.2022","54,04","51,83","54,44","51,46","19,17M","3,51%"
"27.10.2022","52,21","55,37","56,23","52,12","27,34M","-5,84%"
"26.10.2022","55,45","56,08","57,44","54,96","23,53M","-0,75%"
"25.10.2022","55,87","56,68","57,03","55,34","17,31M","-0,66%"
"24.10.2022","56,24","56,23","56,81","55,07","15,29M","0,34%"
"21.10.2022","56,05","53,49","56,28","53,33","20,20M","4,38%"
"20.10.2022","53,70","53,50","55,10","53,17","15,71M","1,26%"
"19.10.2022","53,03","52,09","53,43","52,06","14,79M","0,91%"
"18.10.2022","52,55","55,01","55,14","51,66","19,77M","-1,78%"
"17.10.2022","53,50","54,60","54,99","52,85","18,26M","1,48%"
"14.10.2022","52,72","55,24","55,44","52,60","20,41M","-3,90%"
"13.10.2022","54,86","51,35","55,92","50,74","27,61M","4,00%"
"12.10.2022","52,75","53,60","53,77","52,39","18,13M","-1,79%"
"11.10.2022","53,71","50,64","54,78","50,33","32,81M","4,53%"
"10.10.2022","51,38","53,07","53,13","50,76","17,23M","-2,89%"
"07.10.2022","52,91","53,56","54,65","52,51","21,98M","-3,13%"
"06.10.2022","54,62","54,40","55,11","53,30","17,15M","-0,20%"
"05.10.2022","54,73","52,88","55,20","52,17","20,42M","1,43%"
"04.10.2022","53,96","53,56","54,81","52,66","24,28M","4,33%"
"03.10.2022","51,72","51,01","53,08","50,64","24,63M","3,23%"
"30.09.2022","50,10","50,54","52,06","49,81","38,92M","0,18%"
"29.09.2022","50,01","50,04","50,30","49,22","25,58M","-1,94%"
"28.09.2022","51,00","50,11","51,19","50,10","17,78M","0,83%"
"27.09.2022","50,58","49,82","50,65","49,40","17,30M","3,48%"
"26.09.2022","48,88","49,92","50,46","48,81","19,27M","-2,44%"
"23.09.2022","50,10","49,28","50,15","48,45","24,59M","0,89%"
"22.09.2022","49,66","49,80","50,37","49,35","21,32M","-0,88%"
"21.09.2022","50,10","49,74","52,51","49,72","31,12M","-1,38%"
"20.09.2022","50,80","51,53","51,59","50,59","19,37M","-2,50%"
"19.09.2022","52,10","51,97","52,77","51,88","19,25M","-1,42%"
"16.09.2022","52,85","51,89","53,01","51,49","24,90M","0,30%"
"15.09.2022","52,69","52,70","53,45","51,98","15,62M","-0,79%"
"14.09.2022","53,11","53,89","54,23","52,46","19,98M","-0,95%"
"13.09.2022","53,62","55,70","56,24","53,14","22,36M","-7,46%"
"12.09.2022","57,94","57,46","58,14","57,03","10,71M","0,87%"
"09.09.2022","57,44","56,17","57,68","56,17","13,93M","3,70%"
"08.09.2022","55,39","54,49","55,92","53,74","18,42M","0,71%"
"07.09.2022","55,00","55,31","55,72","54,01","17,03M","-0,42%"
"06.09.2022","55,23","56,33","56,69","55,13","12,13M","-1,95%"
"02.09.2022","56,33","58,30","58,80","56,00","12,81M","-1,71%"
"01.09.2022","57,31","55,26","57,40","54,79","17,59M","1,38%"
"31.08.2022","56,53","55,99","57,15","55,81","14,17M","0,41%"
"30.08.2022","56,30","57,48","57,80","55,58","12,74M","-1,25%"
"29.08.2022","57,01","57,31","58,00","56,52","11,61M","-1,08%"
"26.08.2022","57,63","61,07","61,22","57,61","15,75M","-5,83%"
"25.08.2022","61,20","58,60","61,27","58,58","12,17M","4,96%"
"24.08.2022","58,31","57,88","58,56","57,36","9,96M","0,78%"
"23.08.2022","57,86","58,35","59,29","57,76","12,77M","-0,77%"
"22.08.2022","58,31","59,56","59,61","57,97","13,10M","-3,64%"
"19.08.2022","60,51","61,83","62,25","60,28","14,05M","-3,92%"
"18.08.2022","62,98","61,75","63,42","61,25","11,30M","2,21%"
"17.08.2022","61,62","62,81","62,81","60,76","14,73M","-3,51%"
"16.08.2022","63,86","64,12","64,56","63,22","9,28M","-1,30%"
"15.08.2022","64,70","64,70","65,12","63,89","9,69M","-0,52%"
"12.08.2022","65,04","62,66","65,42","62,23","16,19M","4,36%"
"11.08.2022","62,32","62,00","64,10","62,00","18,30M","1,50%"
"10.08.2022","61,40","60,00","61,56","59,39","17,42M","3,80%"
"09.08.2022","59,15","58,99","60,54","57,74","33,11M","-3,74%"
"08.08.2022","61,45","61,99","62,62","60,98","11,46M","-1,62%"
"05.08.2022","62,46","62,86","63,22","61,79","15,05M","-3,69%"
"04.08.2022","64,85","64,12","64,99","63,65","11,34M","0,93%"
"03.08.2022","64,25","62,50","64,53","62,44","12,29M","2,85%"
"02.08.2022","62,47","61,75","63,30","60,88","11,54M","-0,11%"
"01.08.2022","62,54","62,50","63,99","62,00","13,35M","1,10%"
"29.07.2022","61,86","61,35","62,09","60,77","14,20M","-0,34%"
"28.07.2022","62,07","62,25","62,30","60,19","10,12M","0,29%"
"27.07.2022","61,89","60,49","62,39","59,61","14,59M","3,74%"
"26.07.2022","59,66","60,31","60,69","59,55","11,04M","-0,81%"
"25.07.2022","60,15","61,35","61,83","59,70","14,48M","-1,86%"
"22.07.2022","61,29","61,28","62,92","61,01","22,20M","-3,69%"
"21.07.2022","63,64","62,60","63,68","61,93","12,92M","0,54%"
"20.07.2022","63,30","62,22","63,52","61,85","15,18M","1,44%"
"19.07.2022","62,40","61,47","62,76","61,38","19,10M","3,23%"
"18.07.2022","60,45","62,09","62,33","60,14","13,23M","-1,76%"
"15.07.2022","61,53","61,48","61,70","59,40","20,32M","3,67%"
"14.07.2022","59,35","57,94","59,66","57,32","14,80M","0,83%"
"13.07.2022","58,86","57,38","59,42","57,36","13,99M","-0,54%"
"12.07.2022","59,18","58,42","60,08","58,10","21,52M","2,37%"
"11.07.2022","57,81","58,11","58,60","57,71","13,96M","-2,25%"
"08.07.2022","59,14","58,22","60,43","58,10","19,28M","0,49%"
"07.07.2022","58,85","59,10","59,31","57,84","22,95M","2,58%"
"06.07.2022","57,37","56,85","58,12","56,46","23,57M","1,13%"
"05.07.2022","56,73","52,17","56,89","52,09","33,77M","5,74%"
"01.07.2022","53,65","53,29","53,96","51,40","43,68M","-2,95%"
"30.06.2022","55,28","54,99","56,40","54,22","29,57M","-1,32%"
"29.06.2022","56,02","57,23","57,52","55,32","17,35M","-3,18%"
"28.06.2022","57,86","58,98","60,59","57,81","19,40M","-1,57%"
"27.06.2022","58,78","59,58","60,04","58,37","16,16M","0,58%"
"24.06.2022","58,44","57,15","59,00","57,13","15,65M","3,95%"
"23.06.2022","56,22","56,61","56,83","54,96","13,37M","-0,21%"
"22.06.2022","56,34","55,96","57,14","55,60","13,52M","-0,81%"
"21.06.2022","56,80","56,81","57,92","56,34","15,50M","1,88%"
"17.06.2022","55,75","55,90","56,32","53,60","24,14M","1,35%"
"16.06.2022","55,01","57,00","57,00","54,25","22,71M","-6,95%"
"15.06.2022","59,12","59,33","60,08","57,55","19,73M","0,72%"
"14.06.2022","58,70","59,36","59,87","57,72","17,04M","-0,24%"
"13.06.2022","58,84","60,02","60,96","58,58","24,28M","-6,04%"
"10.06.2022","62,62","64,84","65,56","62,28","26,65M","-5,15%"
"09.06.2022","66,02","67,94","68,69","66,00","15,07M","-3,76%"
"08.06.2022","68,60","69,84","70,40","67,76","16,36M","-3,05%"
"07.06.2022","70,76","68,65","70,87","68,12","14,33M","0,44%"
"06.06.2022","70,45","70,74","72,14","70,01","13,20M","0,73%"
"03.06.2022","69,94","71,69","71,69","69,11","30,31M","-7,20%"
"02.06.2022","75,37","73,13","75,41","73,13","11,37M","2,47%"
"01.06.2022","73,55","74,50","75,39","72,55","13,60M","-0,39%"
"31.05.2022","73,84","73,47","74,48","71,93","15,45M","0,71%"
"27.05.2022","73,32","71,76","73,43","71,64","13,08M","3,85%"
"26.05.2022","70,60","66,39","71,04","66,35","14,90M","4,02%"
"25.05.2022","67,87","65,93","68,85","65,90","16,24M","1,88%"
"24.05.2022","66,62","68,36","68,41","66,01","18,76M","-4,27%"
"23.05.2022","69,59","68,77","70,20","68,52","12,36M","1,00%"
"20.05.2022","68,90","70,60","70,69","66,11","20,31M","-0,72%"
"19.05.2022","69,40","70,76","71,70","69,05","17,56M","-2,32%"
"18.05.2022","71,05","73,18","74,22","70,09","20,64M","-4,61%"
"17.05.2022","74,48","72,25","74,73","72,15","17,67M","5,69%"
"16.05.2022","70,47","71,51","72,04","70,32","13,39M","-2,02%"
"13.05.2022","71,92","69,10","72,63","68,02","22,87M","6,22%"
"12.05.2022","67,71","66,00","68,90","65,87","27,02M","1,12%"
"11.05.2022","66,96","68,66","70,88","66,82","17,24M","-2,83%"
"10.05.2022","68,91","69,57","70,59","67,61","17,66M","1,44%"
"09.05.2022","67,93","69,20","71,40","67,48","21,77M","-3,44%"
"06.05.2022","70,35","70,55","71,91","68,89","15,16M","-1,32%"
"05.05.2022","71,29","72,31","72,56","70,36","16,60M","-3,16%"
"04.05.2022","73,62","71,77","73,90","70,16","17,20M","3,31%"
"03.05.2022","71,26","70,47","71,96","70,20","13,54M","0,93%"
"02.05.2022","70,60","68,16","70,74","67,58","15,34M","3,53%"
"29.04.2022","68,19","69,10","71,33","68,02","16,84M","-2,84%"
"28.04.2022","70,18","67,65","70,81","67,06","21,06M","5,58%"
"27.04.2022","66,47","66,13","68,48","65,86","17,12M","-0,91%"
"26.04.2022","67,08","68,68","69,16","67,04","18,63M","-4,34%"
"25.04.2022","70,12","68,42","70,17","67,93","20,07M","1,02%"
"22.04.2022","69,41","70,64","70,98","69,31","18,68M","-2,13%"
"21.04.2022","70,92","73,97","74,49","70,65","17,65M","-3,11%"
"20.04.2022","73,20","73,81","76,23","72,89","19,04M","0,65%"
"19.04.2022","72,73","70,96","73,41","70,77","15,14M","2,22%"
"18.04.2022","71,15","70,25","72,10","70,05","17,48M","1,45%"
"14.04.2022","70,13","72,56","72,81","70,09","18,54M","-3,11%"
"13.04.2022","72,38","72,36","73,75","71,86","18,89M","0,58%"
"12.04.2022","71,96","72,79","73,59","71,57","18,66M","-0,10%"
"11.04.2022","72,03","70,55","72,91","70,09","21,13M","-0,15%"
"08.04.2022","72,14","72,50","72,85","70,83","20,56M","-1,56%"
"07.04.2022","73,28","73,67","74,68","72,13","22,66M","-0,68%"
"06.04.2022","73,78","73,18","74,89","71,47","28,08M","-1,11%"
"05.04.2022","74,61","76,71","78,02","74,30","21,17M","-3,94%"
"04.04.2022","77,67","76,90","78,18","76,51","24,32M","1,96%"
"01.04.2022","76,18","78,43","78,91","74,06","33,54M","-2,20%"
"31.03.2022","77,89","77,67","79,96","76,83","34,59M","-1,60%"
"30.03.2022","79,16","84,30","86,24","78,60","70,09M","-3,52%"
"29.03.2022","82,05","82,10","82,55","79,26","41,29M","2,74%"
"28.03.2022","79,86","78,59","80,18","77,27","26,61M","2,25%"
"25.03.2022","78,10","78,26","78,30","75,13","22,49M","-0,14%"
"24.03.2022","78,21","75,90","78,54","75,32","23,35M","3,38%"
"23.03.2022","75,65","77,86","78,22","75,07","28,06M","-4,39%"
"22.03.2022","79,12","77,70","79,73","77,51","16,77M","0,98%"
"21.03.2022","78,35","78,99","79,89","75,53","30,88M","-1,33%"
"18.03.2022","79,41","79,10","81,20","78,06","28,60M","-1,38%"
"17.03.2022","80,52","78,20","80,58","77,20","21,61M","1,07%"
"16.03.2022","79,67","76,47","79,71","76,15","35,74M","8,97%"
"15.03.2022","73,11","70,05","73,53","68,34","22,85M","5,35%"
"14.03.2022","69,40","71,75","72,48","68,96","24,89M","-4,70%"
"11.03.2022","72,82","76,65","76,70","72,64","22,79M","-3,83%"
"10.03.2022","75,72","77,74","77,74","73,81","21,69M","-4,68%"
"09.03.2022","79,44","79,97","80,49","77,54","19,65M","2,95%"
"08.03.2022","77,16","76,25","80,25","73,93","28,34M","1,93%"
"07.03.2022","75,70","81,76","82,97","75,63","26,72M","-7,58%"
"04.03.2022","81,91","87,42","87,42","80,51","28,22M","-8,15%"
"03.03.2022","89,18","91,62","92,19","88,39","22,10M","-4,42%"
"02.03.2022","93,30","87,17","94,07","87,03","28,40M","8,16%"
"01.03.2022","86,26","88,56","89,84","84,66","20,79M","-2,93%"
"28.02.2022","88,86","88,45","89,75","87,16","17,27M","-1,38%"
"25.02.2022","90,10","87,96","90,48","87,28","15,01M","1,43%"
"24.02.2022","88,83","84,13","88,94","83,79","24,47M","1,74%"
"23.02.2022","87,31","91,47","91,87","87,07","19,14M","-3,60%"
"22.02.2022","90,57","89,84","93,97","88,67","24,83M","-0,25%"
"18.02.2022","90,80","94,53","94,68","88,89","19,53M","-3,13%"
"17.02.2022","93,73","95,04","96,00","93,49","17,94M","-2,43%"
"16.02.2022","96,06","94,44","96,49","93,57","15,57M","0,06%"
"15.02.2022","96,00","91,01","96,50","91,01","27,08M","6,83%"
"14.02.2022","89,86","91,99","93,17","88,71","23,50M","0,11%"
"11.02.2022","89,76","91,28","94,58","88,95","31,00M","-1,38%"
"10.02.2022","91,02","89,19","94,64","88,48","33,82M","3,29%"
"09.02.2022","88,12","84,60","88,78","83,56","22,39M","4,76%"
"08.02.2022","84,12","81,15","84,40","81,00","18,32M","4,02%"
"07.02.2022","80,87","81,36","82,04","80,48","11,80M","-0,37%"
"04.02.2022","81,17","81,22","82,19","79,84","15,66M","-0,98%"
"03.02.2022","81,97","82,67","85,18","81,71","19,60M","-3,01%"
"02.02.2022","84,51","82,92","84,70","82,54","19,86M","3,76%"
"01.02.2022","81,45","82,20","82,39","80,42","15,24M","-1,00%"
"31.01.2022","82,27","78,96","82,31","78,02","21,90M","3,78%"
"28.01.2022","79,27","77,37","79,28","75,52","24,43M","0,70%"
"27.01.2022","78,72","83,51","83,69","78,39","22,69M","-3,96%"
"26.01.2022","81,97","83,25","84,79","80,61","21,02M","1,55%"
"25.01.2022","80,72","80,92","82,42","79,65","22,13M","-2,69%"
"24.01.2022","82,95","80,27","83,04","77,64","29,77M","1,24%"
"21.01.2022","81,93","84,22","85,14","81,52","29,72M","-3,69%"
"20.01.2022","85,07","90,28","90,33","84,93","24,70M","-5,48%"
"19.01.2022","90,00","93,72","94,78","89,77","19,04M","-3,09%"
"18.01.2022","92,87","95,53","95,95","92,54","19,92M","-4,61%"
"14.01.2022","97,36","94,44","97,43","94,40","18,38M","1,82%"
"13.01.2022","95,62","96,50","98,11","95,30","23,68M","0,54%"
"12.01.2022","95,11","95,16","96,23","93,78","13,34M","0,97%"
"11.01.2022","94,20","92,46","94,27","91,65","14,92M","0,33%"
"10.01.2022","93,89","94,26","95,67","91,04","20,29M","-0,59%"
"07.01.2022","94,45","96,09","97,19","93,94","14,86M","-1,25%"
"06.01.2022","95,65","95,10","96,71","94,12","22,32M","1,32%"
"05.01.2022","94,40","95,38","98,45","94,35","28,61M","-2,01%"
"04.01.2022","96,34","95,60","96,59","93,54","19,73M","0,62%"
"03.01.2022","95,75","93,90","95,83","93,48","18,72M","2,79%"